Time, Strain,
4.000000,17.800000
4.500000,17.900000
5.000000,18.000000
5.500000,18.100000
6.000000,18.200000
6.500000,18.300000
7.000000,18.400000
7.500000,18.500000
8.000000,18.600000
8.500000,18.700000
9.000000,18.800000
9.500000,18.900000
10.000000,19.000000
10.500000,19.100000
11.000000,19.200000
11.500000,19.300000
12.000000,19.400000
12.500000,19.500000
13.000000,19.600000
13.500000,19.700000
14.000000,19.800000
14.500000,19.900000
15.000000,20.000000
15.500000,20.100000
